Type,Name,Request Count,Failure Count,Median Response Time,Average Response Time,Min Response Time,Max Response Time,Average Content Size,Requests/s,Failures/s,50%,66%,75%,80%,90%,95%,98%,99%,99.9%,99.99%,100%
GET,post_img1mb,2800,130,730.0,1082.279327161772,3.7241190002532676,5508.854342002451,82064.70357142857,41.68396048939993,1.935326737007854,730,1500,1800,2100,2700,3000,3200,3300,4100,5500,5500
GET,post_img300,2140,83,700.0,1097.1946534705485,3.1670540010964032,5517.366209998727,82557.8785046729,31.85845551689852,1.2356316859357837,710,1600,1900,2200,2700,2900,3100,3200,4500,5500,5500
GET,post_text400,1356,57,810.0,1352.4959001209468,4.416833999130176,4778.989606998948,475640.6061946903,20.18694657986654,0.8485663385342129,810,1900,2300,2800,3400,3700,3900,4000,4500,4800,4800
,Aggregated,6296,270,740.0,1145.54687341867,3.1670540010964032,5517.366209998727,166998.68043202034,93.729362586165,4.019524761477851,740,1600,2000,2300,2800,3100,3500,3700,4500,5500,5500
