Type,Name,Request Count,Failure Count,Median Response Time,Average Response Time,Min Response Time,Max Response Time,Average Content Size,Requests/s,Failures/s,50%,66%,75%,80%,90%,95%,98%,99%,99.9%,99.99%,100%
GET,post_img1mb,2891,0,1200.0,1278.0694521874727,46.54160199788748,19688.73212499966,85942.0,43.048778169697385,0.0,1200,1500,1600,1700,1800,2000,6200,9700,19000,20000,20000
GET,post_img300,2150,0,1200.0,1284.36455974744,47.20525499942596,18224.035125000228,85791.0,32.0148298391039,0.0,1200,1500,1600,1700,1800,2000,6900,9600,17000,18000,18000
GET,post_text400,1453,0,1500.0,1539.6648510653715,59.37768000148935,17960.459609999816,496405.0,21.636068723822312,0.0,1500,1900,2000,2100,2300,2500,7200,10000,18000,18000,18000
,Aggregated,6494,0,1200.0,1338.6842652185014,46.54160199788748,19688.73212499966,177731.04973821988,96.6996767326236,0.0,1200,1500,1700,1700,2000,2300,6700,9700,18000,20000,20000
