Type,Name,Request Count,Failure Count,Median Response Time,Average Response Time,Min Response Time,Max Response Time,Average Content Size,Requests/s,Failures/s,50%,66%,75%,80%,90%,95%,98%,99%,99.9%,99.99%,100%
GET,asset_img1mb,6989,0,20,51.91866608741098,2.4026669998420402,12326.626913003565,1080054.0,95.80861541517906,0.0,20,31,41,49,75,98,140,180,8100,12000,12000
GET,post_img1mb,6989,0,1100.0,1120.444472484523,41.21802900044713,13744.056757997896,73746.0,95.80861541517906,0.0,1100,1400,1600,1600,1800,1900,4900,8100,13000,14000,14000
,Aggregated,13978,0,73,586.1815692859645,2.4026669998420402,13744.056757997896,576900.0,191.61723083035812,0.0,73,420,1100,1400,1600,1800,2000,5300,12000,13000,14000
