Type,Name,Request Count,Failure Count,Median Response Time,Average Response Time,Min Response Time,Max Response Time,Average Content Size,Requests/s,Failures/s,50%,66%,75%,80%,90%,95%,98%,99%,99.9%,99.99%,100%
GET,post_img1mb,7171,675,1000.0,1110.3238906470128,2.8233080010977574,4713.363653998385,78081.18212243759,105.98153857646308,9.975950151877365,1000,1500,1700,1900,2400,2800,3200,3400,4200,4700,4700
,Aggregated,7171,675,1000.0,1110.3238906470128,2.8233080010977574,4713.363653998385,78081.18212243759,105.98153857646308,9.975950151877365,1000,1500,1700,1900,2400,2800,3200,3400,4200,4700,4700
