Type,Name,Request Count,Failure Count,Median Response Time,Average Response Time,Min Response Time,Max Response Time,Average Content Size,Requests/s,Failures/s,50%,66%,75%,80%,90%,95%,98%,99%,99.9%,99.99%,100%
GET,post_img1mb,6453,111,320.0,1076.8183707380742,3.212252002413152,7043.994566000038,84505.50209205021,95.33352390285823,1.6398607086963062,320,680,1400,2300,3700,4100,4500,4800,6600,7000,7000
,Aggregated,6453,111,320.0,1076.8183707380742,3.212252002413152,7043.994566000038,84505.50209205021,95.33352390285823,1.6398607086963062,320,680,1400,2300,3700,4100,4500,4800,6600,7000,7000
