Type,Name,Request Count,Failure Count,Median Response Time,Average Response Time,Min Response Time,Max Response Time,Average Content Size,Requests/s,Failures/s,50%,66%,75%,80%,90%,95%,98%,99%,99.9%,99.99%,100%
GET,post_img300,6810,0,1200.0,1233.3405654720677,46.79824000049848,15758.180222997908,85791.0,111.24035254181186,0.0,1200,1400,1600,1600,1800,1900,6200,8800,14000,16000,16000
,Aggregated,6810,0,1200.0,1233.3405654720677,46.79824000049848,15758.180222997908,85791.0,111.24035254181186,0.0,1200,1400,1600,1600,1800,1900,6200,8800,14000,16000,16000
