Type,Name,Request Count,Failure Count,Median Response Time,Average Response Time,Min Response Time,Max Response Time,Average Content Size,Requests/s,Failures/s,50%,66%,75%,80%,90%,95%,98%,99%,99.9%,99.99%,100%
GET,post_img300,6508,133,810.0,1062.7638653880072,2.782179002679186,5533.429344999604,84087.42286416718,96.21656687581837,1.9663188989680151,820,1400,1800,2000,2600,3000,3300,3600,4500,5500,5500
,Aggregated,6508,133,810.0,1062.7638653880072,2.782179002679186,5533.429344999604,84087.42286416718,96.21656687581837,1.9663188989680151,820,1400,1800,2000,2600,3000,3300,3600,4500,5500,5500
