Type,Name,Request Count,Failure Count,Median Response Time,Average Response Time,Min Response Time,Max Response Time,Average Content Size,Requests/s,Failures/s,50%,66%,75%,80%,90%,95%,98%,99%,99.9%,99.99%,100%
GET,post_img300,6590,135,540.0,1020.9023851005988,2.9393240001809318,7012.502615998528,84083.32169954476,97.40664497838117,1.9954320291474137,540,1200,1800,2200,2700,3000,3300,3500,5700,7000,7000
,Aggregated,6590,135,540.0,1020.9023851005988,2.9393240001809318,7012.502615998528,84083.32169954476,97.40664497838117,1.9954320291474137,540,1200,1800,2200,2700,3000,3300,3500,5700,7000,7000
