Type,Name,Request Count,Failure Count,Median Response Time,Average Response Time,Min Response Time,Max Response Time,Average Content Size,Requests/s,Failures/s,50%,66%,75%,80%,90%,95%,98%,99%,99.9%,99.99%,100%
GET,post_text400,5951,710,620.0,1294.1090251609855,2.2173050019773655,6696.240342000237,437470.1083851454,97.88534421010357,11.678473263178212,620,1100,2400,3100,3800,4100,4400,4600,5500,6700,6700
,Aggregated,5951,710,620.0,1294.1090251609855,2.2173050019773655,6696.240342000237,437470.1083851454,97.88534421010357,11.678473263178212,620,1100,2400,3100,3800,4100,4400,4600,5500,6700,6700
