Type,Name,Request Count,Failure Count,Median Response Time,Average Response Time,Min Response Time,Max Response Time,Average Content Size,Requests/s,Failures/s,50%,66%,75%,80%,90%,95%,98%,99%,99.9%,99.99%,100%
GET,post_text400,5587,0,1500.0,1627.5109380980884,58.3951850021549,28073.78717300162,496405.0,82.59044101526852,0.0,1500,1800,2000,2000,2200,2400,4700,19000,28000,28000,28000
,Aggregated,5587,0,1500.0,1627.5109380980884,58.3951850021549,28073.78717300162,496405.0,82.59044101526852,0.0,1500,1800,2000,2000,2200,2400,4700,19000,28000,28000,28000
