Type,Name,Request Count,Failure Count,Median Response Time,Average Response Time,Min Response Time,Max Response Time,Average Content Size,Requests/s,Failures/s,50%,66%,75%,80%,90%,95%,98%,99%,99.9%,99.99%,100%
GET,post_text400,5001,52,1000.0,1193.1659561038045,4.53717300115386,5731.799578999926,491268.6976604679,74.45655154342377,0.7741932973921287,1000,1700,2000,2200,2800,3100,3300,3600,4800,5700,5700
,Aggregated,5001,52,1000.0,1193.1659561038045,4.53717300115386,5731.799578999926,491268.6976604679,74.45655154342377,0.7741932973921287,1000,1700,2000,2200,2800,3100,3300,3600,4800,5700,5700
